theta0,theta1
-1.4383727398770676e+292,-1.8321332698823444e+297
