theta0,theta1
8391.834796706728,-0.020382684262782037
